Journal_id,,year,,doi (if listed),date published,date submitted (if listed),"Is this article part of a special issue / thematic CFP? (If so, you might see this in the table of contents.)",,authors,# of authors,keywords,"methods (mostly as described in the abstract, e.g. ""logistic regression"" or ""machine learning ([technique name])"" or ""semi-structured interviews"" or ""randomized controlled experiment""; list multiple methods as appropriate. If not sure, extra details are OK.)",# of pages,# of citations on Google Scholar,title
1,Advances in Neural Information Processing Systems (NIPS),2016,1st,http://papers.nips.cc/paper/6589-scan-order-in-gibbs-sampling-models-in-which-it-matters-and-bounds-on-how-much,na,2016,na,no,"Bryan D. He, Christopher M. De Sa, Ioannis Mitliagkas, Christopher Ré",4,"Gibbs sampling, Monte Carlo Markov Chain (MCMC), mixing times, scan orders","machine learning, MCMC, computational experiments,",9,3,Scan Order in Gibbs Sampling: Models in Which it Matters and Bounds on How Much
1,Advances in Neural Information Processing Systems (NIPS),2016,2nd,http://papers.nips.cc/paper/6406-deep-admm-net-for-compressive-sensing-mri,na,2016,na,no,"yan yang, Jian Sun, Huibin Li, Zongben Xu",4,"Compressive Sensing, Magnetic Resonance Imaging (MRI), deep neural network","machine learning, deep neural network, Alternating Direction Metho of Multipliers, L-BFGS",9,36,Deep ADMM-Net for Compressive Sensing MRI
1,Advances in Neural Information Processing Systems (NIPS),2016,3rd,http://papers.nips.cc/paper/6176-a-scaled-bregman-theorem-with-applications,na,2016,na,no,"R Nock, A Menon, CS Ong",3,"Bregman divergences, convex optimization","machine learning, Bregman distortions, logical/mathematical proof",9,2,A scaled Bregman theorem with applications
1,Advances in Neural Information Processing Systems (NIPS),2016,4th,http://papers.nips.cc/paper/6205-swapout-learning-an-ensemble-of-deep-architectures,na,2016,na,no,"S Singh, D Hoiem, D Forsyth",3,"Swapout, stochastic training, neural networks, ensembles, ResNet, ","machine learning, stochastic training of neural networks ensembles,",9,43,Swapout: Learning an ensemble of deep architectures
1,Advances in Neural Information Processing Systems (NIPS),2016,5th,http://papers.nips.cc/paper/6572-on-regularizing-rademacher-observation-losses,na,2016,na,no,Richard Nock,1,"supervised learning, loss functions, rado losses, ","machine learning, mathematical proofs",9,2,On Regularizing Rademacher Observation Losses
1,Advances in Neural Information Processing Systems (NIPS),2017,1st,http://papers.nips.cc/paper/6606-wider-and-deeper-cheaper-and-faster-tensorized-lstms-for-sequence-learning.pdf,na,2017,na,no,"He, Zhen and Gao, Shaobing and Xiao, Liang and Liu, Daxue and He, Hangen and Barber, David",6,"LSTM, Recurrent Neural Networks","machine learning, neural nets, long short-term memory (LSTM), recurrent neural networks, Tensorized LSTM",11,0,"Wider and Deeper, Cheaper and Faster: Tensorized LSTMs for Sequence Learning"
1,Advances in Neural Information Processing Systems (NIPS),2017,2nd,https://papers.nips.cc/paper/6607-concentration-of-multilinear-functions-of-the-ising-model-with-applications-to-network-data,na,2017,na,no,"C Daskalakis, N Dikkala, G Kamath ",3,"social networks, polynomial factors , Ising model",Ising model,11,2,Concentration of Multilinear Functions of the Ising Model with Applications to Network Data
1,Advances in Neural Information Processing Systems (NIPS),2017,3rd,https://papers.nips.cc/paper/6608-deep-subspace-clustering-networks,na,2017,na,no,"Pan Ji, Tong Zhang, Hongdong Li, Mathieu Salzmann, Ian Reid",5,"deep neural network , unsupervised, clustering, autoencoders","machine learning, deep auto-encoders which non-linearly map the input data into a latent space to perform clustering",10,2,Deep Subspace Clustering Networks
1,Advances in Neural Information Processing Systems (NIPS),2017,4th,http://papers.nips.cc/paper/6609-attentional-pooling-for-action-recognition,na,2017,na,no,"Rohit Girdhar, Deva Ramanan",2,"action recognition, attention","machine learning, convoluttional neural nets, ResNet-101",18,3,Attentional Pooling for Action Recognition
1,Advances in Neural Information Processing Systems (NIPS),2017,5th,http://papers.nips.cc/paper/6610-on-the-consistency-of-quick-shift,na,2017,na,no,Heinrich Jiang,1,"mode seeking, statistical consistency guarantees,  modal regression","Machine learning, Quick shift, clustering , regression",10,0,On the Consistency of Quick Shift
2,Health Informatics Journal,2016,1st,DOI: 10.1177/1460458214529678,3/1/2016,29-Apr-14,No,Morten Hertzum and Jesper Simonsen,2,"electronic whiteboard, emergency department, mental workload, sociotechnical change, time with patients",Statistical Data Analysis using Analysis of Variance (ANOVA),18,14,,
2,Health Informatics Journal,2016,2nd,DOI: 10.1177/1460458214530136,3/1/2016,29-Apr-14,No,"Jean E Stevenson, Johan Israelsson,Gunilla C Nilsson, Göran I Petersson, Peter A Bath",5,"clinical decision-making, electronic health records, track and trigger systems, in-hospital cardiac arrest",SPSS Version 19,13,11,,
2,Health Informatics Journal,2016,3rd,DOI: 10.1177/1460458214530981,3/1/2016,24-Apr-14,No,Piyapong Khumrin and Pitupoom Chumpoo,2,"electrocardiography, electronic health records, healthcare-integrated system, health informatics, health information standardization, heterogeneous electrocardiography data mapping","ECG Recorder, OWL",12,3,,
2,Health Informatics Journal,2016,4th,DOI: 10.1177/1460458214534090,3/1/2016,10-Jun-14,No,"Nina Weymann, Martin Härter and
Jörg Dirmaier",3,"decision support, diabetes mellitus, Internet, needs assessment, patient information",Semi-structured Interviews and Questionaire,14,11,,
2,Health Informatics Journal,2016,5th,DOI: 10.1177/1460458214534091,3/1/2016,10-Jun-14,No,"Thomas E MacMillan, Marat Slessarev and Edward Etchells",3,"efficiency, inpatients, medical informatics, time and motion studies, workflow","Time and motion data using an Apple iPad tablet and InMotion Pro Time Study software experimentation, sampling, tabular data",7,5,,
2,Health Informatics Journal,2017,1st,DOI: 10.1177/1460458215613614,3/1/2017,3-Dec-15,No,"Michael D Ringler, Brian C Goss and Brian J Bartholmai",3,"PowerScribe, quality control, radiology report, report errors, speech recognition",Contingency (χ2) analysis and multiple logistic regression. (SAS JMP 9.0.3),11,3,,
2,Health Informatics Journal,2017,2nd,DOI: 10.1177/1460458215616264,3/1/2017,3-Dec-15,No,"Sandeep Reddy, Sally Herring and Allison Gray",3,"Clinical Practice Guidelines, Content Management System, editing, publishing, reviewers",CMS Content Management Systems,21,0,,
2,Health Informatics Journal,2017,3rd,DOI: 10.1177/1460458215618520,3/1/2017,23-Dec-15,No,"April F Mohanty,Jacob Crook, Christina A Porucznik,Erin M Johnso, Robert T Rolfs, Brian C Sauer",6,"controlled substance, prescription registry, The Link King","The Link King (SAS application), Information Visualization",9,1,,
2,Health Informatics Journal,2017,4th,DOI: 10.1177/1460458215623077,3/1/2017,1-Feb-16,No,Anita Dunkl and Paul Jiménez,2,"application, feedback, leadership, target group, workplace health promotion","Descriptive statistics, standardized linear regression, multiple linear regression analysis ",12,5,,
2,Health Informatics Journal,2017,5th,DOI: 10.1177/1460458215627187,3/1/2017,11-Feb-16,No,Kelley Engle and Roy Rada,2,"autism, classification rules, genetic algorithms, medical domain knowledg","Machine Learning, ANOVA using SPSS, Descriptive Statistics, Information Visualization ",13,0,,
3,IEEE Access,2016,1st,10.1109/ACCESS.2016.2540520,3/9/2016,2/10/2016,yes, Ying He ;  Fei Richard Yu ;  Nan Zhao ;  Hongxi Yin ;  Haipeng Yao ;  Robert C. Qiu,6,"Big data analytics, mobile cellular networks.",Big data analytics,12,49,http://ieeexplore.ieee.org/stamp/stamp.jsp?tp=&arnumber=7429688,
3,IEEE Access,2016,2nd,10.1109/ACCESS.2016.2558446,4/27/2016,2/29/2016,yes,"ABID MEHMOOD1, IYNKARAN NATGUNANATHAN1, YONG XIANG1,GUANG HUA2,SONG GUO3",6,"Big data, privacy, data auditing, big data storage, big data processing",privacy-preserving mechanisms,14,27,http://ieeexplore.ieee.org/stamp/stamp.jsp?tp=&arnumber=7460114,
3,IEEE Access,2016,3rd,10.1109/ACCESS.2016.2546544,3/24/2016,2/25/2016,no,"Jun Liu, Yang Liang, Nirwan Ansari",3,"Matrix inversion, LU decomposition, linear algebra, parallel algorithm, distributed computing, Spark","linear algebra, parallel algorithm",11,6,http://ieeexplore.ieee.org/stamp/stamp.jsp?tp=&arnumber=7440788,
3,IEEE Access,2016,4th,10.1109/ACCESS.2016.2568756,5/13/2016,5/6/2016,no,Mustafa Agaoglu,1,"Artificial neural networks, classification algorithms, decision trees, linear discriminant analysis, performance evaluation, support vector machines.","Artificial neural networks, classification algorithms, decision trees, linear discriminant analysis,support vector machine",9,9,http://ieeexplore.ieee.org/stamp/stamp.jsp?tp=&arnumber=7469785,
3,IEEE Access,2016,5th,10.1109/ACCESS.2016.2635805,12/15/2016,,no,"Qingli Ma, Sihai Zhang, Wuyang Zhou, Shui Yu, ChongGang Wang",5,"Mobile big data, attribute selection, imbalance problem, phone changing prediction, machine learning.", machine learning,11,3,http://ieeexplore.ieee.org/stamp/stamp.jsp?tp=&arnumber=7784768,
3,IEEE Access,2017,1st,10.1109/ACCESS.2017.2694446,4/26/2017,2/23/2017,yes,"Min Chen, Yixue Hao, Kai Hwang, Lu Wang, Lin Wang",5,"Big data analytics, machine learning, healthcare","Big data analytics, machine learnin",11,28,http://ieeexplore.ieee.org/stamp/stamp.jsp?tp=&arnumber=7912315,
3,IEEE Access,2017,2nd,10.1109/ACCESS.2017.2666200,2/8/2017,1/12/2017,no,"Hlabishi I. Kobo, Adnan M. Abu-Mahfouz, Gerhard P. Hancke",3,"Software defined wireless sensor networks, software defined networking, wireless sensor networks.",software defined networking model,28,37,http://ieeexplore.ieee.org/stamp/stamp.jsp?tp=&arnumber=7847327,
3,IEEE Access,2017,3rd,10.1109/ACCESS.2017.2654247,1/17/2017,12/6/2016,no ,"Ashish Dutt, Maizatul Akmar Ismail, Tutut Herawan",3,"Data mining, clustering methods, educational technology, systematic review","Data mining, clustering methods",15,11,http://ieeexplore.ieee.org/stamp/stamp.jsp?tp=&arnumber=7820050,
3,IEEE Access,2017,4th,10.1109/ACCESS.2017.2682640,3/20/2017,1/31/2017,yes,"Shree Krishna Sharma, Xianbin Wang",2,"Big data, data analytics, internet of things (IoT), cloud computing, edge computing, fog computing","Big data, data analytics",15,11,http://ieeexplore.ieee.org/stamp/stamp.jsp?tp=&arnumber=7882669,
3,IEEE Access,2017,5th,10.1109/ACCESS.2017.2677520,3/2/2017,1/25/2017,yes,"Rongxing Lu, Kevin Heung, Arash Harbibi Lashkari, Ali A. Ghorbani",4,"Internet of Things, fog computing, privacy-preserving aggregation, lightweight, differential privacy.",privacy-preserving aggregation,11,17,http://ieeexplore.ieee.org/stamp/stamp.jsp?tp=&arnumber=7869305,
4,IEEE Transactions on Geoscience and Remote Sensing,2016,1st,10.1109/TGRS.2015.2502600,7/1/2016,N/A,No,,"Xiaodong Huang, Jinfei Wang, Jiali Shang",3,"Agriculture, polarimetric synthetic aperture radar (PolSAR), RADARSAT-2, surface parameters",Ground truth Measurement; Machine learning for Scattering Mechanisms Analysis; Statistics methods for threshold selection,19,9,
4,IEEE Transactions on Geoscience and Remote Sensing,2016,2nd,10.1109/TGRS.2015.2502904,7/1/2016,N/A,No,,"Benjamin R. Scarino, David R. Doelling, Patrick Minnis, Arun Gopalan, Thad Chee, Rajendra Bhatt, Constantine Lukasin, Conor Haney",8,"Hyperspectral sensors, spectral ban adjustment factor (SBAF), visible imager calibration",Comparison of Spectral Band Adjustment Factors; Physical equation (radiance),14,23,
4,IEEE Transactions on Geoscience and Remote Sensing,2016,3rd,10.1109/TGRS.2015.2502245,8/1/2016,N/A,No,,"Scott Gleason, Christopher S. Ruf, Maria Paola Clarizia, Andrew J. O'Brien",4,"Scatterometry, Bistatic radar, Calibration, Cyclone Global Navigation Satellite System (CYGNSS), Global Navigation Satllite System (GNSS), Global Positioning System (GPS), Reflectormery","Remote Sensing Algothrim, Error analysis (Root of Sum of Square)",15,15,
4,IEEE Transactions on Geoscience and Remote Sensing,2016,4th,10.1109/TGRS.2015.2502940,18/1/2016,N/A,No,,"Atsushi Fujimura, Alexander Soloviev, Shin Hyung Rhee, Roland Romeiser ",4,"Hydrodynamics, Modeling, Radar imaging, Sea surface, Ship wake, Synthetic Aperture Radar (SAR)",Physics Equations (Hydrodynamic model and Radar Imaging model),9,1,
4,IEEE Transactions on Geoscience and Remote Sensing,2016,5th,10.1109/TGRS.2015.2502956,20/1/2016,N/A,No,,"Andrew Verdin, Chris Funk, Balaji Rajagopalan, William Kleiber",4,"Rainfall estimation, Blending data, Hydrologic earlt warning systems, Local polynomials, Ordinary Kriging",Machine learning (Ordinary Kriging and K-nearest neighbor local polynomials),11,8,
4,IEEE Transactions on Geoscience and Remote Sensing,2017,1st,10.1109/TGRS.2016.2631144,3/1/2017,N/A,No,,"Lynn M. Carter, Bruce A. Campbell, Catherine D. Neish, Michael C. Nolan, G. Wesley Patterson, J. Robert Jensen, D. B. J. Bussey",7,"Moon, Radar imaging, Radar plarimetry, Remote sensing, Spacebourne radar","Physics Equations, Algorithm comparisons",13,1,
4,IEEE Transactions on Geoscience and Remote Sensing,2017,2nd,10.1109/TGRS.2016.2639099,16/1/2017,N/A,No,,"Joaquin Gracia-Sobrino, Joan Serra-Sagrista, Valero Laparra, Xavier Calbet, Gustau Camps-Valls",5,"Infrared atmospheric sounding interferometer (IASI), JPEG 2000, kernel methods, lossy compression, M-CALIC, near-lossless compression, spectral transforms, statistical retrieval","Statistical Retrieval Algorithms, Compression Methods (Image data)",12,2,
4,IEEE Transactions on Geoscience and Remote Sensing,2017,3rd,10.1109/TGRS.2016.2631126,19/1/2017,N/A,No,,"Seung- Bum Kim, Jakob J. van Zyl, Joel T. Johnson Matha Moghaddam, Leung Tsang, Andreas Collisander, Roy Scott Dunbar, Thomas J. Jackson, Sermsak Jaruwatanadilok and others..",23,"Soil Moisture, Synthetic Aperture Radar (SAR), Vegetation",Time-series method,18,5,
4,IEEE Transactions on Geoscience and Remote Sensing,2017,4th,10.1109/TGRS.2016.2639449,23/1/2017,N/A,No,,"Oudomsack Pierre, Alain Herique, Wlodek Kofman",3,"COmets Nucleus Sounding Experiment by Radiowave Transmission (CONSERT), delay estimation, frequency aliasing, matched filter, modeling, Nyquist frequency, pulse compression,radar",Compression method (oversampled pulse),14,3,
4,IEEE Transactions on Geoscience and Remote Sensing,2017,5th,10.1109/TGRS.2016.2615102,2/2/2017,N/A,No,,"Yanlian Zhou, Thomas Hilker, Weimin Ju, Nicholas C. Coops, Thomas Andrew Black , Jing M. Chen,  Xiaocui Wu",7,"Gross primary productivity (GPP), Modeling, Light use efficiency (LUE), Photochemical reflectance index (RPI), sunlit and shaded leaves",Bio-physical modeling,15,0,
5,IEEE Transactions on Neural Networks and Learning Systems,2016,1st,10.1109/TNNLS.2015.2404775,Jan 2016,Mar 2015,,,M. K. Jena and S. R. Samantaray,2,Kalman filters;data mining;decision trees;load flow control;phasor measurement;power system relaying;transmission lines;wind power plants;DT-based intelligent differential relaying scheme;UPFC;current signal processing;data-mining model;data-mining-based intelligent differential relaying scheme;decision tree;differential features;extended Kalman filter phasor measurement unit;flexible ac transmission system device;phasor estimation;real-time digital simulator testing;single-circuit transmission line;unified power flow controller;voltage signal processing;wind farms;Feature extraction;Phasor measurement units;Power transmission lines;Substations;Testing;Wind farms;Wind speed;Data mining;PMU;decision tree (DT);extended Kalman filter (EKF) phasor measurement unit (PMU);intelligent relaying;real-time digital simulator (RTDS);unified power flow controller (UPFC);wind farms;wind farms,"data mining, decision tree ML model, RTDS",9,11,Data-Mining-Based Intelligent Differential Relaying for Transmission Lines Including UPFC and Wind Farms
5,IEEE Transactions on Neural Networks and Learning Systems,2016,2nd,10.1109/TNNLS.2015.2406812,Jan 2016,Mar 2015,,,G. Lai and Z. Liu and Y. Zhang and C. L. P. Chen,4,Lyapunov methods;adaptive control;attitude control;autonomous aerial vehicles;compensation;helicopters;matrix algebra;neurocontrollers;position control;Lyapunov argument;NN compensation error;adaptive attitude tracking control;adaptive position tracking control;aerial robot;asymptotic convergence;attitude dynamic model;attitude tracking error;autonomous helicopter;position tracking error;robust adaptive mechanism;robust neural identifier;unknown aerodynamic force;unknown inertial matrix identification error;Aerodynamics;Artificial neural networks;Attitude control;Helicopters;Robustness;Symmetric matrices;Trajectory;Aerial robot;inertial matrix identifier;neural networks (NNs);robust adaptive control;unmanned aerial vehicle (UAV);unmanned aerial vehicle (UAV).,"Lyapunov methods, adaptive attitude tracking control, neural networks",13,4,Adaptive Position/Attitude Tracking Control of Aerial Robot With Unknown Inertial Matrix Based on a New Robust Neural Identifier
5,IEEE Transactions on Neural Networks and Learning Systems,2016,3rd,10.1109/TNNLS.2015.2411613,Jan 2016,Mar 2015,,,X. Yang and X. Gao and D. Tao and X. Li and B. Han and J. Li,6,atmospheric techniques;aurora;magnetic storms;magnetosphere;solar wind;AD 1996 to 2008;Earth magnetosphere;SCSLD framework;Shape-Constrained Sparse and Low-Rank Decomposition;aurora sequence motion analysis;automatic auroral substorm detection method;communication system;global positioning system;solar cycle;solar wind;Accuracy;Manuals;Matrix decomposition;Noise;Robustness;Shape;Superluminescent diodes;Auroral substorm detection;sequence motion analysis;shape constraint;sparse and low-rank decomposition (SLD);sparse and low-rank decomposition (SLD).,"shape-constrained sparse and low-rank decomposition, atmospheric techniques",14,7,Shape-Constrained Sparse and Low-Rank Decomposition for Auroral Substorm Detection
5,IEEE Transactions on Neural Networks and Learning Systems,2016,4th,10.1109/TNNLS.2015.2411615,Jan 2016,Mar 2015,,,J. Tian and M. Li and F. Chen and N. Feng,4,evolutionary computation;learning (artificial intelligence);pattern classification;radial basis function networks;coevolutionary algorithm;complex classification tasks;complex distribution;connection weights;dominative features;feature subspaces;global optimality;hidden layer;hidden nodes;input layer;input space;intrinsic properties;local characteristics;network structure;radial basis function neural network classifier;subspace learning-based RBFNN;Accuracy;Algorithm design and analysis;Data models;Feature extraction;Principal component analysis;Training;Vectors;Classification;coevolutionary algorithm (CEA);feature subspace;radial basis function neural network (RBFNN);radial basis function neural network (RBFNN).,"artificial intelligence, neural networks, pattern classification",14,15,Learning Subspace-Based RBFNN Using Coevolutionary Algorithm for Complex Classification Tasks
5,IEEE Transactions on Neural Networks and Learning Systems,2016,5th,10.1109/TNNLS.2015.2411629,Jan 2016,Mar 2015,,,S. B. Taieb and A. F. Atiya,2,Monte Carlo methods;forecasting theory;time series;Monte Carlo method;bias analysis;forecast horizon;multistep-ahead time series forecasting;one-step-ahead time series model;time series length;variance analysis;Analytical models;Artificial neural networks;Computational modeling;Forecasting;Joints;Predictive models;Time series analysis;Bias;Monte Carlo simulation;machine learning;multistep-ahead forecasting;nearest neighbors;neural networks (NNs);time series;variance;variance.,"monte carlo methods, bias analysis, neural networks, forecasting",14,16,A Bias and Variance Analysis for Multistep-Ahead Time Series Forecasting
5,IEEE Transactions on Neural Networks and Learning Systems,2017,1st,10.1109/TNNLS.2015.2489225,Jan 2017,Jan 2016,,,Y. Nakamura and O. Hasegawa,2,learning (artificial intelligence);pattern clustering;probability;self-organising feature maps;KDESOINN;clustering method;data learning;kernel density estimation;large noisy data;nonparametric density estimation;nonparametric density estimator;probability density function estimation;selforganizing incremental neural network;Big data;Estimation;Kernel;Learning systems;Probability density function;Robustness;Training;Big data;kernel density estimation (KDE);online learning;robustness;self-organizing incremental neural network (SOINN),"clustering, KDE, artificial intelligence, neural networks",9,4,Nonparametric Density Estimation Based on Self-Organizing Incremental Neural Network for Large Noisy Data
5,IEEE Transactions on Neural Networks and Learning Systems,2017,2nd,10.1109/TNNLS.2015.2499757,Jan 2017,Nov 2016,,,H. Zhang and H. Liang and Z. Wang and T. Feng,4,control system synthesis;distributed control;dynamic programming;feedback;iterative methods;matrix algebra;multi-robot systems;robot dynamics;trees (mathematics);adaptive dynamic programming;agent information exchange;distributed compensator;distributed feedback control law design;double compensator method;exosystem;individual agent dynamic;nonidentical agents;online policy iteration algorithm;optimal feedback gain matrix;optimal output regulation;optimal performance index handling;partially model-free heterogeneous linear multiagent systems;spanning tree;topology graph;Dynamic programming;Eigenvalues and eigenfunctions;Graph theory;Multi-agent systems;Optimal control;Performance analysis;Synchronization;Adaptive dynamic programming (ADP);cooperative control;double compensator;optimal,"control system synthesis, robotics, dynamic programming and ADP",11,23,Optimal Output Regulation for Heterogeneous Multiagent Systems via Adaptive Dynamic Programming
5,IEEE Transactions on Neural Networks and Learning Systems,2017,3rd,10.1109/TNNLS.2015.2501322,Jan 2017,Dec 2015,,,J. Wang and A. Belatreche and L. P. Maguire and T. M. McGinnity},4,Gaussian processes;learning (artificial intelligence);neural nets;pattern classification;Gaussian receptive fields;SpikeTemp algorithm;adaptive SNN;adaptive spiking neural networks;image recognition;machine learning algorithms;neurons;rank-order-based learning approach;spatio-temporal classification;spatio-temporal spike patterns;square cosine population encoding schemes;trained feed-forward SNN;Adaptive systems;Encoding;Learning systems;Neurons;Sociology;Statistics;Training;Adaptive spiking neural networks (SNNs);classification;clustering;online learning;spiking neurons;supervised learning,"gaussian processes, neural nets, adaptive spiking",13,4,SpikeTemp: An Enhanced Rank-Order-Based Learning Approach for Spiking Neural Networks With Adaptive Structure
5,IEEE Transactions on Neural Networks and Learning Systems,2017,4th,10.1109/TNNLS.2015.2497149,Jan 2017,Dec 2015,,,A. Bauer and M. Braun and K. R. Müller,3,context-free grammars;natural languages;probability;CKY algorithm;Cocke-Kasami-Younger algorithm;English sentences;feature map;loss-augmented inference;maximum-margin framework;maximum-margin training;natural language parsing;polynomial time;probabilistic context-free grammars;Grammar;Inference algorithms;Natural languages;Production;Syntactics;Training;Yttrium;Context-free grammar (CFG);dynamic programming;inference;margin rescaling (MR);natural language parsing;probabilistic context-free grammar (PCFG);slack rescaling (SR);structural support vector machines (SVMs);structured output,"NLP, SVMs",12,3,Accurate Maximum-Margin Training for Parsing With Context-Free Grammars
5,IEEE Transactions on Neural Networks and Learning Systems,2017,5th,10.1109/TNNLS.2015.2498149,Jan 2017,Dec 2015,,,Y. Wang and W. Zhang and L. Wu and X. Lin and X. Zhao,5,computer vision;feature extraction;graph theory;image fusion;image representation;learning (artificial intelligence);matrix algebra;anchor graph representation;complementary information;computer vision;cross-view fusion algorithm;data sample graph structure;distance measure learning;feature representations;graph random walk propagation;graph random walk-based cross-view diffusion;heuristic approach;ideal metric learning;input similarity matrix;multiview data;optimal distance measure;similarity measure fusion;similarity metric;unsupervised metric fusion;view-specific coefficient learning;visual data objects;Extraterrestrial measurements;Image color analysis;Learning systems;Manifolds;Scalability;Visualization;Cross-view fusion;graph random walk;metric fusion;multiview data,"computer vision, heuristics",13,26,Unsupervised Metric Fusion Over Multiview Data by Graph Random Walk-Based Cross-View Diffusion
6,Journal of Information Technology,2016,1st,https://doi.org/10.1057/jit.2014.25,"March, 2016",,No,"Schneider, S. & Sunyaev, A. ",2,"cloud computing, IT outsourcing, sourcing decision, determinant factors, adoption, literature review ","Cloud computing, IT outsourcing, cloud-sourcing decisions, determinant factors, cloud services",31,75,,
6,Journal of Information Technology,2016,2nd,https://doi.org/10.1057/jit.2015.20,"March, 2016",,No,"Tebboune, S. & Urquhart, C. ",2,"Netsourcing, IS outsourcing, transaction cost economics, resource-based view, IT infrastructure, firm boundaries","Netsourcing strategies, resource-based (RBV) perspective, transaction cost economics (TCE) perspective, vendor sourcing decisions",15,1,,
6,Journal of Information Technology,2016,3rd,https://doi.org/10.1057/jit.2014.27,"March, 2016",,No,"Eckhardt, A., Laumer, S., Maier, C.",3,"IT workforce, personality, IT job type, job-related attitude, turnover intention, big five","IT turnover research, five-factor model, consultants, programmers, system engineers, and system administrators, conscientiousness, neuroticism, greeableness",18,19,,
6,Journal of Information Technology,2016,4th,https://doi.org/10.1057/jit.2015.17,"March, 2016",,No,"Laumer, S., Maier, C., Eckhardt, A., Weitzel, T.",4,"user resistance, technology acceptance, user personality, dispositional resistance to change, IS implementation, mandatory IS usage ","user resistance, resistance behavior, human resources information system, routine seeking, emotional reaction, short-term focus and cognitive rigidity",15,25,,
6,Journal of Information Technology,2016,5th,https://doi.org/10.1057/jit.2015.13,"March, 2016",,No,"Bygstad, B., Munkvold, B. & Volkoff, O.",3,"research methods, critical realism, mechanisms, affordances, case study, data analysis ","generative mechanisms, innovation mechanisms, airline industry, data analysis, empirical research",13,29,,
6,Journal of Information Technology,2017,1st,https://doi.org/10.1057/s41265-016-0032-4,"March, 2017",,No,"Aleksander, I.",1,"robot intelligence, robot work sharing, machine consciousness, cognitive robotics, robotics research ","artificial intelligence, functional positioning of robots, re-skilling of humans",9,0,,
6,Journal of Information Technology,2017,2nd,https://doi.org/10.1057/jit.2015.26,"March, 2017",,No,"Yang Chen,Yi Wang, Saggi Nevo, Jose Benitez, Gang Kou",4,"IT support for core competencies, strategic flexibility, firm performance, IT infrastructure, state-owned enterprises ","form and nature of IT, core competencies, strategic flexibility",15,11,,
6,Journal of Information Technology,2017,3rd,https://doi.org/10.1057/jit.2015.23,"March, 2017",,No,"Jerry Luftman, Kalle Lyytinen, Tal ben Zvi",3,"strategic alignment, strategic alignment maturity model (SAM), structural equation modeling (SEM), company performance","IT-Business Communications, Use of Value Analytics, Approaches to Collaborative Governance, Nature of the affiliation/partnership, Scope of IT initiatives, Development of IT Skills",20,24,,
6,Journal of Information Technology,2017,4th,https://doi.org/10.1057/jit.2015.24,"March, 2017",,No,"Brian Nicholson, Ron Babin, Steve Briggs",3,"outsourcing, CSR, liminality, global IT, corporate strategy","separation (divestiture), transition (liminality), incorporation (investiture), corporate social responsibility",14,1,,
6,Journal of Information Technology,2017,5th,https://doi.org/10.1057/jit.2016.4,"March, 2017",,No,"Sarah Spiekermann, Jana Korunovska",2,"data protection, privacy, psychological ownership, personal data markets, data valuation, WTP ","privacy concerns, centralized IT architectures, willingness-to-pay for data",22,5,,
7,MIS Quarterly,2016,1st,NA,March. 2016,No,"Tan, Chee-Wee; Benbasat, Izak; Cenfetelli, Ronald T.",3,"critical incident technique (CIT) 
disconfirmed cost expectancy 
disconfirmed outcome expectancy 
disconfirmed process expectancy 
E-commerce service failure 
expectation disconfirmation theory 
functional failure 
information failure 
qualitative comparative analysis (QCA) 
system failure","The article synthesizes extant literature on e-service and system success to arrive at a novel classification system that delineates e-commerce service failures into information, functional, and system categories",62,19,http://eds.b.ebscohost.com/ehost/detail/detail?vid=0&sid=6acdee91-87b2-4cce-a424-b82a59238507%40sessionmgr102&bdata=JnNpdGU9ZWhvc3QtbGl2ZQ%3d%3d#AN=112750555&db=bsu,,
7,MIS Quarterly,2016,2nd,NA,March. 2016,No,"Oh, Hyelim; Animesh, Animesh; Pinsonneault, Alain",3,"Information goods 
information pricing 
long tail 
paywall 
social media 
website traffic 
word-of-mouth","Based on natural experiement, the study combines data from two sources: NYT link 
sharing on Twitter and website traffic for 21 days before and after NYT’s paywall rollout. The researchers measured WOM patterns on a content-level analysis and measured WOM effectiveness on a website-level analysis.",32,18,http://eds.b.ebscohost.com/ehost/detail/detail?vid=0&sid=9c78413f-59b8-42de-9707-3a8dadec6f79%40pdc-v-sessmgr01&bdata=JnNpdGU9ZWhvc3QtbGl2ZQ%3d%3d#AN=112750556&db=bsu,,
7,MIS Quarterly,2016,3rd,NA,March. 2016,No,"Benaroch, Michel 
Lichtenstein, Yossi 
Fink, Lior",3,"contract extensiveness 
Contract functions (safeguarding, coordination, adaptability) 
contract type 
ex ante and ex post transaction costs 
software development outsourcing 
transaction cost economics"," This research models portrays a nuanced picture that is anchored in the following
theoretical interpretation: transaction and relational attributes have implications on specific ex ante and ex
post transaction costs, and these implications can be balanced by respective choices in both contract type and
the extensiveness of specific contract functions.",27,4,http://eds.b.ebscohost.com/ehost/detail/detail?vid=0&sid=461d7f34-b371-455a-a46e-17e84a17f0bd%40sessionmgr103&bdata=JnNpdGU9ZWhvc3QtbGl2ZQ%3d%3d#AN=112750557&db=bsu,,
7,MIS Quarterly,2016,4th,NA,March. 2016,No,"Saunders, Adam; 
Brynjolfsson, Erik",2,"brand value
intangible assets
IT capabilities
IT value
IT-related intangibles
market value
R&D value","we assess the value of information technology related intangible assets and then use data on
business practices and management capabilities to understand how this value is distributed across firms. ",29,21,http://eds.b.ebscohost.com.ezproxy4.library.arizona.edu/ehost/detail/detail?vid=0&sid=343d311d-41c7-4ca2-9d6f-8bb03882ba9f%40sessionmgr102&bdata=JnNpdGU9ZWhvc3QtbGl2ZQ%3d%3d#AN=112750558&db=bsu,,
7,MIS Quarterly,2016,5th,NA,March. 2016,No,"Raghunathan, Srinivasan; 
Sarkar, Sumit",2,"analytical models
Bundling
competition
information markets
pricing","The authors examine
bundling decisions of a duopoly in the information market in which each seller offers two (or more) types of
information products; they illustrate the model and discuss the findings using examples
from the financial brokerage industry. ",68,7,http://eds.b.ebscohost.com.ezproxy4.library.arizona.edu/ehost/detail/detail?vid=2&sid=8af66803-b459-4993-87fc-cb4bd7f7b2c4%40sessionmgr120&bdata=JnNpdGU9ZWhvc3QtbGl2ZQ%3d%3d#AN=112750559&db=bsu,,
7,MIS Quarterly,2017,1st,NA,"March, 2017",No,"Hibbeln, Martin; Jenkins, Jeffrey L.; Schneider, Christoph; Valacich, Joseph S. ; 
Weinmann, Markus",5,"human-computer interaction 
mouse cursor distance 
mouse cursor speed 
mouse tracking 
Negative emotion",attentional control theory; negative emotion control,30,21,http://eds.a.ebscohost.com/ehost/detail/detail?vid=0&sid=e2dccb36-edd1-4859-929c-76cdc9232c3a%40sessionmgr4006&bdata=JnNpdGU9ZWhvc3QtbGl2ZQ%3d%3d#AN=121204219&db=bsu,,
7,MIS Quarterly,2017,2nd,NA,"March, 2017",No,"Koh, Byungwan; Raghunathan, Srinivasan; Nault, Barrie R.",3,"privacy 
social welfare 
Voluntary profiling","The authors compare voluntary profiling to no profiling and show that voluntary profiling leads to some
counterintuitive results. They also modeled price discrimination, privacy, and a rich context in which each consumer voluntarily allows herself to be 
identified by the seller through considering the tradeoff between benefit and cost",42,5,http://eds.a.ebscohost.com/ehost/detail/detail?vid=0&sid=5c4ed689-509f-4400-997e-3bf60a0edd36%40sessionmgr4008&bdata=JnNpdGU9ZWhvc3QtbGl2ZQ%3d%3d#AN=121204220&db=bsu,,
7,MIS Quarterly,2017,3rd,NA,"March, 2017",No,"Kudaravalli, Srinivas; Faraj, Samer; Johnson, Steven L",3,"centralization 
configuration 
coordination success 
expertise coordination 
knowledge tacitness 
Software development 
software teams 
team conflict",The authors a configural approach to develop a theoretical model of expertise coordination that differentiates between design collaboration and technical collaboration,23,3,http://eds.b.ebscohost.com/ehost/detail/detail?vid=0&sid=1bdf9d71-9a40-4081-b1fb-ada624f440b2%40pdc-v-sessmgr01&bdata=JnNpdGU9ZWhvc3QtbGl2ZQ%3d%3d#AN=121204221&db=bsu,,
7,MIS Quarterly,2017,4th,NA,"March, 2017",No,"Geva, Tomer; Oestreicher-Singer, Gal; Efron, Niv; Shimshoni, Yair",3,"consumers’ interest 
forums 
high involvement products 
online data 
sales prediction 
Search trends 
social media 
word-of-mouth","The authors used Google’s comprehensive index of Internet discussion forums, in addition to Google search trend data. We find that adding search trend data to models based on the more commonly used social media data significantly improves predictive accuracy.",33,4,http://eds.b.ebscohost.com/ehost/detail/detail?vid=0&sid=325f3d4f-2cd1-49ae-a0b9-0ef156f9f391%40sessionmgr120&bdata=JnNpdGU9ZWhvc3QtbGl2ZQ%3d%3d#AN=121204222&db=bsu,,
7,MIS Quarterly,2017,5th,NA,"March, 2017",No,"Venkatesh, Viswanath; Aloysius, John A.; Hoehle, Hartmut; Burton, Scot",4,"Auto-ID technologies 
product reviews 
RFID 
technology adoption","design science: the authors design and build, theorize about, and compare six shopping assistance artifacts by 
manipulating the hardware design",33,3,http://eds.b.ebscohost.com/ehost/detail/detail?vid=0&sid=099db59b-277a-4965-861b-5963a026f5d3%40pdc-v-sessmgr01&bdata=JnNpdGU9ZWhvc3QtbGl2ZQ%3d%3d#AN=121204223&db=bsu,,
8,NBER Macroeconomics Annual,2016,1st,https://doi-org.ezproxy4.library.arizona.edu/10.1086/685961,1-Jan-16,2015,Macroeconomic analysis by means of netwoks ,"Daron Acemoglu, Ufuk Akcigit, and WilliamKerr",3,any,The methodology used include static economic analysis and the use of neuronal networks to see the transmition of shock between links in input and out matrix,63,98,,
8,NBER Macroeconomics Annual,2016,2nd,https://doi-/0894439314558200,1-Apr-16,11-Nov-14,The impact of voters persuation in parliamentary elections,"Bengu¨ Hosch-Dayican , Chintan Amrit , Kees Aarts, and Adrie Dassen",4,"online political participation, campaigning, Twitter, automated content analysis","""In order to collect relevant tweets, we employed a sampling technique
to gather relevant hashtags, which followed the logic of the snowball sampling method""",18,28,,
8,NBER Macroeconomics Annual,2016,3rd,https://doi-org.ezproxy4.library.arizona.edu/10.1177/0894439315591136,1-Aug-16,26-Jun-15,Wikipedia as a result of collective Intelligence,Randall M. Livingstone,1,"Wikipedia, wiki, collective intelligence, intelligence, sociotechnical, information",This paper gives theorical arguments by which wikipedia is a result of colletive intelligence ,12,4,,
8,NBER Macroeconomics Annual,2016,4th,https://doi-7/0894439315618882,16-Dec-15,1-Dec-16,public decisition making in smarter cities,"Imen Boukhris, Raouia Ayachi, Zied Elouedi, Sehl Mellouli,
and Nahla Ben Amor",5,"multicriteria decision making, smart city, citizens engagement, participatory budgeting","""The TOPSIS firstly proposed by Hwang & Yoon (1981) is based on the concept that the best alternative
should be the nearest to the ideal positive solution and the farthest from the ideal negative
solution""",17,3,,
8,NBER Macroeconomics Annual,2016,5th,https://doi-org.ezproxy4.library.arizona.edu/10.1007/s11192-017-2383-1,                        8 May 2017,                             1 October 2016, examine the structure and patterns of interdisciplinary collaborations,"Jiming Hu, Yin Zhang",2,"Big Data research, Interdisciplinary collaboration, Network structure and patterns Visualization ",The study made use of data provided by bibliometric data downloaded from the Web of Science and tools like neuronal networks to stablishing linkages between researchers,19,0,,
8,NBER Macroeconomics Annual,2017,1st,https://doi-org.ezproxy4.library.arizona.edu/10.1177/0894439316654611,1-Apr-17,"                                June 19, 2016",Methodologies to use mixed-mode surveys,"James Wagner, Heather M. Schroeder, Andrew Piskorowski,
Robert J. Ursano, Murray B. Stein, Steven G. Heeringa, and
Lisa J. Colpe",6,"mixed-mode survey, nonresponse bias, survey costs","study employed a complex sample design that included
stratification and clustering. These design features were accounted for in the analysis",15,1,,
8,NBER Macroeconomics Annual,2017,2nd,https://doi-org.ezproxy4.library.arizona.edu/10.1177/0894439316683344,1-Dec-17,27-Dec-16,"how new ways of make research in social networks do keep in mind source of sample, mode
of recruitment, and context of the survey experience in order to have a very good result.","Michael J. Stern, Ipek Bilgen, Colleen McClain
, and Brian Hunscher",4,"web surveys, new media, recruitment, advertisements",it is used data from a web survey fielded in 2013 to compare data quality indicators ,20,1,,
8,NBER Macroeconomics Annual,2017,3rd,https://doi-u/10.1007/s11192-017-2495-7,28-Aug-17,                           30 January 2017,Comparative analysis keeping in mind the statistical context where the sample is extracted,"Marcello D’AgostinoValentino, DardanoniRoberto, Ghiselli Ricci",3,"Standardization, Normalization, z-score, m-score, Location, statistics Dispersion, statistics Citation analysis ",By means of randomized controled experiments is is demostrated that standarization is a useful way to evaluate elementos of a specific set.,19,1,,
8,NBER Macroeconomics Annual,2017,4th,https://doi-org.ezproxy4.library.arizona.edu/10.1086/690243,1-Jan-17,2016,The main goal of this paper is to demostrate the diffence of using State-and Time _dependent Models to proof the adecuate use when analysing impact in the different macroeconomic agregates.,"Fernando Alvarez, Francesco Lippi, and JuanPassadore,",3,ANY,"Because researcher made use of data from exchange rates of countries since 1974 to 2014, this study made use of natural experiments to benchmark fiting of models, and it made use of sofisticate regression models.",79,16,,
8,NBER Macroeconomics Annual,2017,5th,https://doi-org.ezproxy4.library.arizona.edu/10.1086/690239,1-Jan-17,2016,"This article focus on the Greek crisis backgrounds and outcome. Stand out the crisis as the bigest inside the OCDE ""club""","Pierre-Olivier Gourinchas, Thomas Philippon, and Dimitri Vayanos,",3,ANY,"This study made use of theoric model as the general equilibrium models that could be clasified as semi-controled  experiments since they analyze impact. Furthermore, the researcher made use of stochastic time series regression.",81,22,,
9,New Media and Society,2016,1st,10.1177/1461444814535344,1-Jan-16,21-May-14,No,Chingching Chang,1,"Communication styles, consumer-generated comments, electronic word of mouth, gender, persuasion",randomized block design to study comments about gender (site: weblog pages),20,3,,
9,New Media and Society,2016,2nd,10.1177/1461444814541216,1-Feb-16,29-Jun-14,No,DJ Wolover,1,"Arab Spring, distributed media, media interaction, new media, news production, social media, Tunisia",media interaction approach,16,5,,
9,New Media and Society,2016,3rd,10.1177/1461444814543162,1-Mar-16,15-Jul-14,No,U Jung Kim,1,"agency, cross-platform, duality of media, media choice, media repertoire, media structures, media use behavior",media repertoire approach,20,18,,
9,New Media and Society,2016,4th,10.1177/1461444816629467,1-Apr-16,11-Feb-16,The Democratization of Hacking and Making,"Thomas James Lodato, Carl DiSalvo",2,"Civic media, hackathons, issues, material participation, proto-publics, publics",ethnographic accounts / participant observation,19,26,,
9,New Media and Society,2016,5th,10.1177/1461444814545840,1-May-16,4-Aug-14,No,Joseph Reagle,1,"Feminism, geek, gender, knowing, socialization","[unspecified] critical, theoretical analysis",17,8,,
9,New Media and Society,2017,1st,10.1177/1461444816649912,1-Jan-17,27-May-16,Critical methods and theoretical lenses in Digital Religion studies,Heidi A Campbell,1,"Digital religion, internet, mediatization, mediation of meaning, new media, religion, religious–social shaping of technology, theory",Literature review / summary,10,4,,
9,New Media and Society,2017,2nd,10.1177/1461444815600280,1-Feb-17,18-Aug-15,No,Devon Powers,1,"Circulation, firstness, metaculture, online economy, promotional culture, quantification, recursivity, social media, web history","[unspecified] critical, theoretical analysis",16,7,,
9,New Media and Society,2017,3rd,10.1177/1461444815608807,1-Mar-17,9-Oct-15,No,Adrienne Massanari,1,"Algorithms, design, Gamergate, gender, online communities, online harassment, platform politics, Reddit, The Fappening, toxic technocultures",case studies,18,104,,
9,New Media and Society,2017,4th,10.1177/1461444815609313,1-Apr-17,9-Oct-15,No,"Asaf Nissenbaum, Limor Shifman",2,"4chan, cultural capital, digital culture, Internet memes, web-based communities",grounded analysis,19,24,,
9,New Media and Society,2017,5th,10.1177/1461444816686319,1-May-17,29-Jan-17,Children’s and young people’s rights in the digital age,"Teresa Swist, Philippa Collin",2,"Agency, capability approach, child rights, data, digital media, freedom, networked capability approach, networked self, platforms, wellbeing",case studies,15,4,,